CREATEDDATE,TOTALAMOUNT
2019-09-25,18000.0
2022-04-26,284921980.0
2022-04-27,94900230.0
2022-04-28,138012864.0
2022-04-29,122839548.0
2022-05-02,260155620.0
2022-05-04,141493321.0
2022-05-05,186714978.0
2022-05-06,119838299.0
2022-05-09,375554979.0
2022-05-10,31134961.0
2022-05-12,263086273.0
2022-05-13,109408354.0
2022-05-18,351542183.0
2022-05-19,93900405.0
2022-05-20,238399313.0
2022-05-24,273337531.0
2022-05-25,103239959.0
2022-05-26,107395754.0
2022-05-27,100706101.0
2022-05-30,96749198.0
2022-05-31,185552874.0
2022-06-01,126697889.0
2022-06-02,137368495.0
2022-06-03,107962140.0
2022-06-06,205645535.0
2022-06-08,216558798.0
2022-06-10,183613091.0
2022-06-13,87930215.0
2022-06-14,217553657.0
2022-06-15,99446779.0
2022-06-17,200212015.0
2022-06-20,168694263.0
2022-06-21,93396895.0
2022-06-22,88783573.0
2022-06-23,90120648.0
2022-06-24,84330656.0
2022-06-27,79585705.0
2022-06-28,161568055.0
2022-06-29,106319567.0
2022-06-30,108480323.0
2022-07-01,90621181.0
2022-07-04,232296788.0
2022-07-05,110123816.0
2022-07-07,123094415.0
2022-07-08,189328440.0
2022-07-11,105765437.0
2022-07-12,236888933.0
2022-07-13,91002898.0
2022-07-14,84240418.0
2022-07-18,198491668.0
2022-07-19,221190978.0
2022-07-21,194322645.0
2022-07-22,87143167.0
2022-07-26,312775057.0
2022-07-28,164923796.0
2022-07-29,282811035.0
2022-08-01,106503621.0
2022-08-02,179707040.0
2022-08-03,68568963.0
2022-08-04,70914722.0
2022-08-05,33996486.0
2022-08-08,78016702.0
2022-08-10,7332089.0
2022-08-12,94597482.0
2022-08-16,104486208.0
2022-08-18,83079298.0
2022-08-22,82148315.0
2022-08-23,15851649.0
2022-08-24,29107785.0
2022-08-25,31003962.0
2022-08-26,43088581.0
2022-08-29,31436778.0
2022-08-30,53887653.0
2022-09-01,90106856.0
2022-09-02,43739240.0
2022-09-05,77809156.0
2022-09-06,25475983.0
2022-09-07,45281772.0
2022-09-08,42882887.0
2022-09-09,33385150.0
2022-09-13,152857268.0
2022-09-15,62478778.0
2022-09-16,41713658.0
2022-09-19,55379188.0
2022-09-20,19857463.0
2022-09-21,30715725.0
2022-09-22,29499109.0
2022-09-23,27303874.0
2022-09-26,31573649.0
2022-09-27,45317181.0
2022-09-28,36668096.0
2022-09-29,44323204.0
2022-09-30,50420815.0
2022-10-03,128906201.0
2022-10-04,37669307.0
2022-10-06,39307339.0
2022-10-07,63863717.0
2022-10-10,63006293.0
2022-10-11,86828484.0
2022-10-12,97485972.0
2022-10-13,51868713.0
2022-10-14,48820341.0
2022-10-17,102977057.0
2022-10-18,52404235.0
2022-10-19,45483429.0
2022-10-20,43430608.0
2022-10-21,49137428.0
2022-10-26,111172538.0
2022-10-27,5234251.0
2022-10-28,33983031.0
2022-10-30,1375523820.44
2022-11-01,594508545.89
2022-11-02,79799023.0
2022-11-03,139344333.03
2022-11-04,50808098.0
2022-11-07,332824423.48
2022-11-09,143278996.75
2022-11-10,337869074.52
2022-11-11,214328174.3
2022-11-14,163550530.04
2022-11-16,54896345.0
2022-11-17,300228267.36
2022-11-18,187549802.18
2022-11-21,226989251.79
2022-11-22,94251970.3
2022-11-23,148821849.15
2022-11-24,74727784.6
2022-11-25,133270456.6
2022-11-28,50522883.0
2022-11-29,141168280.17
2022-11-30,205363042.17
2022-12-01,129820039.73
2022-12-02,146498283.17
2022-12-05,257004180.9
2022-12-06,76178942.88
2022-12-07,160063557.87
2022-12-09,167792129.89
2022-12-12,181844821.62
2022-12-13,178018199.88
2022-12-14,176882745.75
2022-12-16,165206623.89
2022-12-19,246239666.24
2022-12-20,82783870.17
2022-12-21,108039714.59
2022-12-22,31322881.0
2022-12-23,149032968.06
2022-12-27,208093146.32
2022-12-28,156592632.6
2022-12-29,41258295.0
2022-12-30,158762985.79
2023-01-02,196052392.75
2023-01-03,87081150.45
2023-01-04,152114537.86
2023-01-05,143115306.16
2023-01-06,146369007.45
2023-01-09,202409597.89
2023-01-10,243507411.47
2023-01-11,149109191.87
2023-01-12,153671103.32
2023-01-16,237208555.34
2023-01-17,175933595.61
2023-01-18,204103124.03
2023-01-20,236647220.21
2023-01-23,221138085.35
2023-01-24,102927355.03
2023-01-25,156603877.45
2023-01-27,97116969.03
2023-02-01,527711157.66
2023-02-02,136147483.18
2023-02-06,161681071.17
2023-02-08,103453625.89
2023-02-10,733296743.4
2023-02-13,162070694.6
2023-02-14,174274461.88
2023-02-15,254156344.89
2023-02-16,114143248.16
2023-02-17,120003875.16
2023-02-20,17155875.0
2023-02-21,359333131.06
2023-02-22,105696372.17999999
2023-02-23,118686516.88
2023-02-24,125695548.32
2023-02-27,123839714.6
2023-02-28,206571401.06
2023-03-01,276953777.62
2023-03-02,159111934.31
2023-03-03,165401595.61
2023-03-06,272264339.51
2023-03-07,101298959.75
2023-03-09,147826745.44
2023-03-10,195794968.76
2023-03-13,47350959.43
2023-03-14,107079448.87
2023-03-15,178282924.31
2023-03-16,80415741.74
2023-03-17,84715793.17
2023-03-20,201105937.78
2023-03-21,99929186.45
2023-03-24,162261891.17
2023-03-27,232572136.9
2023-03-28,115348367.44
2023-03-29,328940996.18
2023-03-30,354406701.9
2023-03-31,23775655.0
2023-04-05,968414817.35
2023-04-11,206790762.94
2023-04-12,342559885.32
2023-04-13,122439374.6
2023-04-17,224887949.19
2023-04-18,202396125.76
2023-04-19,119748521.87
2023-04-20,81510109.31
2023-04-21,113801266.46
2023-04-24,99691394.03
2023-04-25,103265912.88
2023-04-26,211763757.04
2023-04-27,111063505.16
2023-04-28,138968447.59
2023-05-01,275918813.77
2023-05-02,163957505.02
2023-05-04,362741958.33
2023-05-08,290231144.2
2023-05-09,252409008.6
2023-05-10,133888020.44
2023-05-11,103231295.03
2023-05-12,135131576.17
2023-05-15,134440514.31
2023-05-16,106303519.16
2023-05-17,216975252.46
2023-05-18,95278491.31
2023-05-19,91289495.88
2023-05-23,83544459.31
2023-05-24,127114320.58
2023-05-25,90189297.86
2023-05-26,72318947.87
2023-05-29,243889331.19
2023-05-30,132213445.18
2023-05-31,390026105.34
2023-06-01,117657191.16
2023-06-02,136345380.46
2023-06-05,274461801.32
2023-06-06,136951956.6
2023-06-07,145278194.43
2023-06-08,108786825.72
2023-06-09,117939151.87
2023-06-12,37116965.44
2023-06-13,144463926.88
2023-06-14,250127658.74
2023-06-15,98317248.02
2023-06-16,101532002.88
2023-06-19,202354981.06
2023-06-20,105509982.17
2023-06-21,107377988.58
2023-06-22,97778485.74
2023-06-23,109742760.45
2023-06-27,233057788.49
2023-06-28,255006286.61
2023-06-30,232037173.9
2023-07-03,232770530.31
2023-07-04,142396831.02
2023-07-05,134043512.16
2023-07-06,104004121.17
2023-07-07,132463069.03
2023-07-11,240022988.94
2023-07-12,228283681.6
2023-07-13,104846776.02
2023-07-14,139305407.18
2023-07-17,192710594.34
2023-07-18,139647362.76
2023-07-19,150689771.45
2023-07-20,90913340.47
2023-07-21,105691627.89
2023-07-24,106956933.74
2023-07-25,102430259.18
2023-07-26,199730284.9
2023-07-27,101973954.46
2023-07-28,120162947.32
2023-07-31,225572174.62
2023-08-02,249342534.04
2023-08-03,135803638.74
2023-08-04,130969835.19
2023-08-07,234727081.91
2023-08-08,114766554.88
2023-08-09,144568320.73
2023-08-10,86215459.89
2023-08-11,109209693.89
2023-08-14,100826212.31
2023-08-16,124182227.9
2023-08-17,195200619.63
2023-08-21,324272628.81
2023-08-22,109437513.74
2023-08-23,129171772.74
2023-08-24,82291336.17
2023-08-25,124046642.47
2023-08-28,117426565.74
2023-08-29,370382100.48
2023-08-31,264683895.48
2023-09-04,204494531.31
2023-09-05,132710232.18
2023-09-06,138680771.44
2023-09-08,234751857.62
2023-09-11,127967649.02
2023-09-12,97866797.87
2023-09-13,284819328.61
2023-09-14,107137962.17
2023-09-15,236575130.34
2023-09-20,193883903.46
2023-09-21,86524175.3
2023-09-22,176781281.31
2023-09-25,112055189.73
2023-09-26,113300625.73
2023-09-27,290341147.88
2023-09-29,424426263.35
2023-10-04,256674592.47
2023-10-05,300268054.16
2023-10-06,116558418.74
2023-10-09,207076849.19
2023-10-10,165763971.03
2023-10-12,81453677.3
2023-10-13,106561768.19
2023-10-16,76217952.03
2023-10-17,60690766.32
2023-10-18,186355454.87
2023-10-19,129652048.33
2023-10-20,149399141.44
2023-10-23,334483317.61
2023-10-26,442306912.75
2023-10-27,324382971.17
2023-10-30,342098852.77
2023-10-31,497531125.75
2023-11-01,162226606.59
2023-11-02,172316031.03
2023-11-03,136607178.59
2023-11-06,249238420.47
2023-11-07,216352162.44
2023-11-08,141344844.3
2023-11-10,172004869.46
2023-11-14,328717356.32
2023-11-16,610096629.45
2023-11-20,1008470641.61
2023-11-22,391734950.45
2023-11-24,345831457.2
2023-11-28,146846114.45
2023-11-29,465147733.62
2023-11-30,352156466.76
2023-12-04,342707648.08
2023-12-05,173277154.44
2023-12-06,105088294.58
2023-12-07,143327132.17
2023-12-08,134954485.33
2023-12-11,123569707.16
2023-12-13,374782143.94
2023-12-14,99998586.72
2023-12-15,98017954.32
2023-12-18,227163111.93
2023-12-19,119421008.16
2023-12-20,109748194.17
2023-12-21,117127848.17
2023-12-22,118889617.89
2023-12-26,108317076.89
2023-12-28,385468283.91
2023-12-29,112588662.16
2024-01-01,235832926.04
2024-01-03,343157011.16
2024-01-04,176658281.16
2024-01-08,559284797.08
2024-01-10,178356110.87
2024-01-11,252194593.74
2024-01-12,164834582.32
2024-01-15,121147901.59
2024-01-17,330697596.48
2024-01-18,131757462.46
2024-01-19,123864471.45
2024-01-23,254917262.19
2024-01-24,264290107.87
2024-01-25,23421465.43
2024-01-29,285930328.17
2024-01-30,486302331.6
2024-01-31,147239486.58
2024-02-01,152192639.01
2024-02-02,198211198.58
2024-02-05,281334685.44
2024-02-06,205211419.58
2024-02-07,105055322.15
2024-02-08,156188132.15
2024-02-09,142297761.43
2024-02-12,137032368.86
2024-02-13,303035640.73
2024-02-14,107027336.45
2024-02-15,115324265.45
2024-02-16,124228253.16
2024-02-19,305335407.47
2024-02-21,323587782.02
2024-02-22,161354617.44
2024-02-23,144555820.87
2024-02-26,164460749.73
2024-02-28,509548648.62
2024-02-29,157691932.44
2024-03-01,182449856.73
2024-03-04,326139221.76
2024-03-05,121019078.01
2024-03-06,108958322.29
2024-03-07,120304030.88
2024-03-11,129797358.87
2024-03-12,387413679.89
2024-03-13,146152299.73
2024-03-14,136970960.31
2024-03-15,103210644.16
2024-03-18,276526190.88
2024-03-19,157595877.58
2024-03-20,123274525.01
2024-03-21,123309632.73
2024-03-22,124585568.15
2024-03-26,140822087.02
2024-03-27,312902456.33
2024-03-28,97915455.15
2024-03-29,114225275.17
2024-03-31,341509818.32
2024-04-03,378877607.73
2024-04-05,298039947.19
2024-04-08,331340039.34
2024-04-12,173208798.58
2024-04-15,753273600.33
2024-04-16,212791423.31
2024-04-19,495092634.06
2024-04-22,289754020.46
2024-04-24,318068888.02
2024-04-25,140690196.3
2024-04-26,120322967.73
2024-04-29,131300395.87
2024-04-30,238871820.6
2024-05-01,109862410.73
2024-05-06,515469366.19
2024-05-08,135563463.15
2024-05-09,194059228.87
2024-05-13,215209082.32
2024-05-14,15048142.01
2024-05-16,340757675.45
2024-05-17,254208482.17
2024-05-20,228415862.43
2024-05-22,208609870.6
2024-05-24,118482855.31
2024-05-27,204000771.48
2024-05-28,248825715.89
2024-05-29,105432882.16
2024-05-30,123967903.59
2024-05-31,116112167.44
2024-06-03,285012792.18
2024-06-04,146804087.58
2024-06-05,103602069.87
2024-06-06,105477236.16
2024-06-10,240068703.03
2024-06-12,131752296.44
2024-06-13,134919188.44
2024-06-14,315891610.33
2024-06-18,228586922.75
2024-06-19,184982930.73
2024-06-20,113574820.02
2024-06-21,101965596.87
2024-06-24,140433916.59
2024-06-25,233395158.88
2024-06-26,129915137.58
2024-06-27,124050117.59
2024-06-28,124293962.16
2024-07-01,256934241.32
2024-07-02,190013313.73
2024-07-04,257089951.61
2024-07-05,125787855.87
2024-07-08,260295168.59
2024-07-09,152108206.73
2024-07-10,115145910.44
2024-07-11,144697337.31
2024-07-12,162616810.3
2024-07-15,127271526.86
2024-07-18,254698922.6
2024-07-22,445518596.21
2024-07-23,268272962.32
2024-07-24,91382857.59
2024-07-25,118815993.6
2024-07-26,132698815.16
2024-07-29,128492866.73
2024-07-31,358005751.33
2024-08-01,139604276.59
2024-08-02,167013338.72
2024-08-05,261028854.31
2024-08-06,134478876.01
2024-08-07,106282728.45
2024-08-08,119020376.59
2024-08-12,199799889.34
2024-08-14,358761346.18
2024-08-16,104835602.72
2024-08-20,99018200.72
2024-08-21,349539832.18
2024-08-22,98351027.73
2024-08-23,101147839.02
2024-08-27,111882076.45
2024-08-28,311411088.18
2024-08-29,127365395.59
2024-08-30,151132741.3
2024-09-02,325308249.18
2024-09-03,205945181.29
2024-09-04,96153164.44
2024-09-05,104610945.73
2024-09-09,216666123.17
2024-09-10,265401856.17
2024-09-11,143229746.59
2024-09-12,166727181.88
2024-09-13,132918964.87
2024-09-18,404574405.19
2024-09-20,342851429.74
2024-09-23,222094373.6
2024-09-24,116278259.15
2024-09-25,91184757.87
2024-09-26,80913283.59
2024-09-27,20874742.01
2024-09-30,136436427.16
2024-10-01,175493499.45
2024-10-03,106137841.3
2024-10-04,157440279.59
2024-10-07,288961236.03
2024-10-08,259857409.44
2024-10-10,365908710.03
2024-10-14,459210762.6
2024-10-15,503133631.87
2024-10-16,194476106.3
2024-10-18,408807343.45
2024-10-21,337257325.88
2024-10-22,179047995.73
2024-10-23,128975315.58
2024-10-24,152644400.44
2024-10-25,148966967.87
2024-10-28,177947366.45
2024-10-29,514660681.88
2024-10-30,245979461.86
2024-11-04,620270166.59
2024-11-05,778493274.3
2024-11-06,359054391.01
2024-11-07,327319604.73
2024-11-08,274180058.01
2024-11-11,213629499.01
2024-11-12,495318117.17
2024-11-13,206371984.01
2024-11-14,154219114.45
2024-11-18,501876099.74
2024-11-19,212091517.01
2024-11-20,146103194.44
2024-11-22,272365236.61
2024-11-25,152432501.88
2024-11-26,79509050.86
2024-11-28,117161961.44
2024-11-29,253312619.32
2024-12-02,521493984.04
2024-12-04,318316076.02
2024-12-05,120944055.58
2024-12-06,119760046.73
2024-12-09,214269326.32
2024-12-10,130257288.3
2024-12-11,95876179.58
2024-12-12,135208020.16
2024-12-13,108916857.3
2024-12-16,118388451.02
2024-12-18,342303271.89
2024-12-23,446456712.49
2024-12-24,112483323.3
2024-12-26,96469497.01
2024-12-27,192055294.17
2024-12-30,120684797.15
2024-12-31,229242727.89
2025-01-02,106243772.58
2025-01-06,832757214.47
2025-01-08,449260965.16
2025-01-09,165211410.3
2025-01-13,281983272.6
2025-01-15,376254552.18
2025-01-16,99722494.86
2025-01-20,402024524.47
2025-01-21,191068949.44
2025-01-22,152170326.01
2025-01-24,314645177.74
2025-01-27,107510997.15
2025-01-29,603141142.76
2025-01-30,163289394.74
2025-02-01,310026975.45
2025-02-04,185426332.16
2025-02-05,366466107.02
2025-02-06,158549523.58
2025-02-07,158407644.02
2025-02-10,169277095.3
2025-02-11,295749306.02
2025-02-13,315071834.31
2025-02-14,119158539.15
2025-02-17,247005521.31
2025-02-18,152705464.01
2025-02-19,115146731.72
2025-02-21,236988211.02
2025-02-24,133188644.73
2025-02-27,440047525.02
2025-02-28,313288430.3
2025-03-01,175714951.29
2025-03-03,181682778.16
2025-03-04,194898365.58
2025-03-05,162167066.73
2025-03-07,299639025.04
2025-03-11,126013108.58
2025-03-12,262666645.61
2025-03-13,293296653.89
2025-03-17,271443965.6
2025-03-18,94266527.86
2025-03-20,246342111.02
2025-03-21,67722661.59
2025-03-25,403472182.34
2025-03-26,177770561.58
2025-03-27,172270684.44
2025-03-28,179707144.87
2025-03-29,226956968.44
2025-03-30,36106245.58
2025-03-31,757920017.74
2025-04-03,372712977.15
2025-04-04,148245217.58
2025-04-07,319388881.18
2025-04-08,207510385.02
2025-04-09,150815954.29
2025-04-11,202677160.87
2025-04-15,424761359.03
2025-04-16,321939151.88
2025-04-17,143674761.16
2025-04-21,288042510.04
2025-04-22,120456423.72
2025-04-23,96196305.3
2025-04-25,235010662.45
2025-04-28,107860804.29
2025-04-29,217001447.59
2025-05-01,249867281.74
2025-05-05,482889235.61
2025-05-08,432512347.47
2025-05-09,118971753.58
2025-05-13,113268056.02
2025-05-14,325117777.31
2025-05-16,227807441.46
2025-05-19,104297337.58
2025-05-20,233282638.46
2025-05-21,96875749.15
2025-05-22,114716284.59
2025-05-23,98798109.44
2025-05-26,111340901.01
2025-05-27,193035374.3
2025-05-28,123541863.16
2025-05-30,238125127.31
2025-06-02,267164405.3
2025-06-03,34000.0
2025-06-04,313718629.89
2025-06-05,120856495.73
2025-06-06,100315313.44
2025-06-09,103210826.01
2025-06-11,365111887.89
2025-06-12,173977007.01
2025-06-13,121670396.45
2025-06-16,101107134.74
2025-06-18,303650008.04
2025-06-19,105945985.01
2025-06-20,86764392.16
2025-06-23,178911690.74
2025-06-24,111963887.87
2025-06-25,93356808.3
2025-06-26,116561998.45
2025-06-27,96830801.59
2025-06-30,124950709.31
2025-07-01,313313523.17
2025-07-02,163640925.44
2025-07-03,157053542.16
2025-07-04,102090760.87
2025-07-07,238023260.89
2025-07-08,134386373.31
2025-07-09,104161859.16
2025-07-10,106793550.44
2025-07-11,122980889.45
2025-07-14,140536994.87
2025-07-15,249877646.88
2025-07-16,97293636.3
2025-07-17,126331479.59
2025-07-18,107756574.17
2025-07-21,186802057.46
2025-07-23,204231802.74
2025-07-24,126328409.87
2025-07-25,107328940.45
2025-07-28,109505984.87
2025-07-29,244955143.02
2025-07-31,110203872.02
2025-08-01,251297214.18
2025-08-04,326273355.88
2025-08-06,126370656.87
2025-08-07,239211089.47
2025-08-08,137485378.58
2025-08-12,376435373.47
2025-08-14,214346622.75
2025-08-19,424998387.49
2025-08-20,94649367.87
2025-08-21,108674691.16
2025-08-22,91835253.17
2025-08-25,91774641.31
2025-08-28,286001803.74
2025-08-29,206744921.17
2025-09-01,286648123.31
2025-09-02,238978528.02
2025-09-03,114922143.01
2025-09-04,101199820.16
2025-09-08,106432354.16
2025-09-09,283429832.6
2025-09-10,88673670.58
2025-09-12,222935994.89
2025-09-15,78511531.01
2025-09-17,143081318.18
2025-09-18,47327438.15
2025-09-19,997600.0
2025-09-22,136430603.31
2025-09-23,47003047.58
2025-09-24,73070386.73
2025-09-26,285227145.73
2025-09-29,182325090.59
2025-09-30,532772359.59
2025-10-01,197850905.15
2025-10-03,300401518.87
2025-10-08,643049656.31
2025-10-09,698803272.45
2025-10-10,173006058.73
2025-10-13,164761795.44
2025-10-14,379815543.74
2025-10-15,129333038.15
2025-10-17,394836324.02
2025-10-22,477967503.31
2025-10-23,580433206.29
2025-10-24,468277773.58
